-- ============================================
-- CarRent DB - Dane testowe
-- ============================================

-- ==========================================
-- ENCJE SŁOWNIKOWE
-- ==========================================

-- Kategorie samochodów
INSERT INTO CAR_CATEGORIES (NAME, DESCRIPTION) VALUES ('EKONOMICZNY', 'Małe, oszczędne samochody miejskie');
INSERT INTO CAR_CATEGORIES (NAME, DESCRIPTION) VALUES ('KOMPAKTOWY', 'Samochody klasy średniej');
INSERT INTO CAR_CATEGORIES (NAME, DESCRIPTION) VALUES ('SUV', 'Samochody terenowe i crossovery');
INSERT INTO CAR_CATEGORIES (NAME, DESCRIPTION) VALUES ('PREMIUM', 'Samochody klasy premium i luksusowe');
INSERT INTO CAR_CATEGORIES (NAME, DESCRIPTION) VALUES ('VAN', 'Samochody dostawcze i busy');
INSERT INTO CAR_CATEGORIES (NAME, DESCRIPTION) VALUES ('SPORTOWY', 'Samochody sportowe');

-- Statusy rezerwacji
INSERT INTO RESERVATION_STATUSES (NAME) VALUES ('ACTIVE');
INSERT INTO RESERVATION_STATUSES (NAME) VALUES ('CONFIRMED');
INSERT INTO RESERVATION_STATUSES (NAME) VALUES ('CANCELLED');
INSERT INTO RESERVATION_STATUSES (NAME) VALUES ('COMPLETED');
INSERT INTO RESERVATION_STATUSES (NAME) VALUES ('EXPIRED');

-- Statusy płatności
INSERT INTO PAYMENT_STATUSES (NAME) VALUES ('PENDING');
INSERT INTO PAYMENT_STATUSES (NAME) VALUES ('PAID');
INSERT INTO PAYMENT_STATUSES (NAME) VALUES ('OVERDUE');
INSERT INTO PAYMENT_STATUSES (NAME) VALUES ('CANCELLED');
INSERT INTO PAYMENT_STATUSES (NAME) VALUES ('REFUNDED');

-- Statusy serwisu
INSERT INTO SERVICE_STATUSES (NAME) VALUES ('SCHEDULED');
INSERT INTO SERVICE_STATUSES (NAME) VALUES ('IN_PROGRESS');
INSERT INTO SERVICE_STATUSES (NAME) VALUES ('COMPLETED');
INSERT INTO SERVICE_STATUSES (NAME) VALUES ('CANCELLED');

-- ==========================================
-- ODDZIAŁY
-- ==========================================

INSERT INTO BRANCHES (NAME, ADDRESS, CITY, POSTAL_CODE, PHONE, EMAIL)
VALUES ('CarRent Warszawa Centrum', 'ul. Marszałkowska 100', 'Warszawa', '00-001', '+48 22 100 0001', 'warszawa@carrent.pl');

INSERT INTO BRANCHES (NAME, ADDRESS, CITY, POSTAL_CODE, PHONE, EMAIL)
VALUES ('CarRent Kraków', 'ul. Floriańska 25', 'Kraków', '31-001', '+48 12 200 0001', 'krakow@carrent.pl');

INSERT INTO BRANCHES (NAME, ADDRESS, CITY, POSTAL_CODE, PHONE, EMAIL)
VALUES ('CarRent Wrocław', 'ul. Świdnicka 10', 'Wrocław', '50-001', '+48 71 300 0001', 'wroclaw@carrent.pl');

INSERT INTO BRANCHES (NAME, ADDRESS, CITY, POSTAL_CODE, PHONE, EMAIL)
VALUES ('CarRent Gdańsk', 'ul. Długa 50', 'Gdańsk', '80-001', '+48 58 400 0001', 'gdansk@carrent.pl');

INSERT INTO BRANCHES (NAME, ADDRESS, CITY, POSTAL_CODE, PHONE, EMAIL)
VALUES ('CarRent Poznań', 'ul. Półwiejska 15', 'Poznań', '61-001', '+48 61 500 0001', 'poznan@carrent.pl');

-- ==========================================
-- PRACOWNICY
-- ==========================================

INSERT INTO EMPLOYEES (FIRST_NAME, LAST_NAME, EMAIL, PHONE, POSITION, BRANCH_ID, PASSWORD_HASH)
VALUES ('Jan', 'Kowalski', 'j.kowalski@carrent.pl', '+48 500 100 001', 'Manager', 1, 'hashed_password_1');

INSERT INTO EMPLOYEES (FIRST_NAME, LAST_NAME, EMAIL, PHONE, POSITION, BRANCH_ID, PASSWORD_HASH)
VALUES ('Anna', 'Nowak', 'a.nowak@carrent.pl', '+48 500 100 002', 'Pracownik', 1, 'hashed_password_2');

INSERT INTO EMPLOYEES (FIRST_NAME, LAST_NAME, EMAIL, PHONE, POSITION, BRANCH_ID, PASSWORD_HASH)
VALUES ('Piotr', 'Wiśniewski', 'p.wisniewski@carrent.pl', '+48 500 100 003', 'Pracownik', 2, 'hashed_password_3');

INSERT INTO EMPLOYEES (FIRST_NAME, LAST_NAME, EMAIL, PHONE, POSITION, BRANCH_ID, PASSWORD_HASH)
VALUES ('Maria', 'Wójcik', 'm.wojcik@carrent.pl', '+48 500 100 004', 'Manager', 2, 'hashed_password_4');

INSERT INTO EMPLOYEES (FIRST_NAME, LAST_NAME, EMAIL, PHONE, POSITION, BRANCH_ID, PASSWORD_HASH)
VALUES ('Tomasz', 'Kamiński', 't.kaminski@carrent.pl', '+48 500 100 005', 'Pracownik', 3, 'hashed_password_5');

INSERT INTO EMPLOYEES (FIRST_NAME, LAST_NAME, EMAIL, PHONE, POSITION, BRANCH_ID, PASSWORD_HASH)
VALUES ('Katarzyna', 'Lewandowska', 'k.lewandowska@carrent.pl', '+48 500 100 006', 'Manager', 3, 'hashed_password_6');

INSERT INTO EMPLOYEES (FIRST_NAME, LAST_NAME, EMAIL, PHONE, POSITION, BRANCH_ID, PASSWORD_HASH)
VALUES ('Michał', 'Zieliński', 'm.zielinski@carrent.pl', '+48 500 100 007', 'Pracownik', 4, 'hashed_password_7');

INSERT INTO EMPLOYEES (FIRST_NAME, LAST_NAME, EMAIL, PHONE, POSITION, BRANCH_ID, PASSWORD_HASH)
VALUES ('Agnieszka', 'Szymańska', 'a.szymanska@carrent.pl', '+48 500 100 008', 'Pracownik', 4, 'hashed_password_8');

INSERT INTO EMPLOYEES (FIRST_NAME, LAST_NAME, EMAIL, PHONE, POSITION, BRANCH_ID, PASSWORD_HASH)
VALUES ('Krzysztof', 'Woźniak', 'k.wozniak@carrent.pl', '+48 500 100 009', 'Manager', 5, 'hashed_password_9');

INSERT INTO EMPLOYEES (FIRST_NAME, LAST_NAME, EMAIL, PHONE, POSITION, BRANCH_ID, PASSWORD_HASH)
VALUES ('Ewa', 'Dąbrowska', 'e.dabrowska@carrent.pl', '+48 500 100 010', 'Administrator', 1, 'hashed_password_10');

-- ==========================================
-- KLIENCI
-- ==========================================

INSERT INTO CLIENTS (FIRST_NAME, LAST_NAME, EMAIL, PHONE, PESEL, ADDRESS, CITY, POSTAL_CODE, PASSWORD_HASH)
VALUES ('Adam', 'Mickiewicz', 'adam.mickiewicz@mail.pl', '+48 600 001 001', '90010112345', 'ul. Poetów 1', 'Warszawa', '00-100', 'client_hash_1');

INSERT INTO CLIENTS (FIRST_NAME, LAST_NAME, EMAIL, PHONE, PESEL, ADDRESS, CITY, POSTAL_CODE, PASSWORD_HASH)
VALUES ('Ewa', 'Kowalczyk', 'ewa.kowalczyk@mail.pl', '+48 600 001 002', '85050523456', 'ul. Kwiatowa 15', 'Kraków', '31-100', 'client_hash_2');

INSERT INTO CLIENTS (FIRST_NAME, LAST_NAME, EMAIL, PHONE, PESEL, ADDRESS, CITY, POSTAL_CODE, PASSWORD_HASH)
VALUES ('Marek', 'Jankowski', 'marek.jankowski@mail.pl', '+48 600 001 003', '92030334567', 'ul. Leśna 8', 'Wrocław', '50-100', 'client_hash_3');

INSERT INTO CLIENTS (FIRST_NAME, LAST_NAME, EMAIL, PHONE, PESEL, ADDRESS, CITY, POSTAL_CODE, PASSWORD_HASH)
VALUES ('Zofia', 'Wojciechowska', 'zofia.w@mail.pl', '+48 600 001 004', '88070745678', 'ul. Morska 22', 'Gdańsk', '80-100', 'client_hash_4');

INSERT INTO CLIENTS (FIRST_NAME, LAST_NAME, EMAIL, PHONE, PESEL, ADDRESS, CITY, POSTAL_CODE, PASSWORD_HASH)
VALUES ('Paweł', 'Kaźmierczak', 'pawel.k@mail.pl', '+48 600 001 005', '95090956789', 'ul. Polna 5', 'Poznań', '61-100', 'client_hash_5');

INSERT INTO CLIENTS (FIRST_NAME, LAST_NAME, EMAIL, PHONE, PESEL, ADDRESS, CITY, POSTAL_CODE, PASSWORD_HASH)
VALUES ('Kinga', 'Adamska', 'kinga.a@mail.pl', '+48 600 001 006', '91010167890', 'ul. Słoneczna 3', 'Warszawa', '00-200', 'client_hash_6');

INSERT INTO CLIENTS (FIRST_NAME, LAST_NAME, EMAIL, PHONE, PESEL, ADDRESS, CITY, POSTAL_CODE, PASSWORD_HASH)
VALUES ('Łukasz', 'Pawlak', 'lukasz.p@mail.pl', '+48 600 001 007', '93060678901', 'ul. Ogrodowa 12', 'Kraków', '31-200', 'client_hash_7');

INSERT INTO CLIENTS (FIRST_NAME, LAST_NAME, EMAIL, PHONE, PESEL, ADDRESS, CITY, POSTAL_CODE, PASSWORD_HASH)
VALUES ('Natalia', 'Majewska', 'natalia.m@mail.pl', '+48 600 001 008', '96080889012', 'ul. Lipowa 7', 'Wrocław', '50-200', 'client_hash_8');

INSERT INTO CLIENTS (FIRST_NAME, LAST_NAME, EMAIL, PHONE, PESEL, ADDRESS, CITY, POSTAL_CODE, PASSWORD_HASH)
VALUES ('Damian', 'Grabowski', 'damian.g@mail.pl', '+48 600 001 009', '89120190123', 'ul. Brzozowa 18', 'Gdańsk', '80-200', 'client_hash_9');

INSERT INTO CLIENTS (FIRST_NAME, LAST_NAME, EMAIL, PHONE, PESEL, ADDRESS, CITY, POSTAL_CODE, PASSWORD_HASH)
VALUES ('Aleksandra', 'Krawczyk', 'aleksandra.k@mail.pl', '+48 600 001 010', '94040401234', 'ul. Dębowa 25', 'Poznań', '61-200', 'client_hash_10');

INSERT INTO CLIENTS (FIRST_NAME, LAST_NAME, EMAIL, PHONE, PESEL, ADDRESS, CITY, POSTAL_CODE, PASSWORD_HASH)
VALUES ('Robert', 'Piotrowski', 'robert.p@mail.pl', '+48 600 001 011', '87110512345', 'ul. Klonowa 9', 'Warszawa', '00-300', 'client_hash_11');

INSERT INTO CLIENTS (FIRST_NAME, LAST_NAME, EMAIL, PHONE, PESEL, ADDRESS, CITY, POSTAL_CODE, PASSWORD_HASH)
VALUES ('Monika', 'Kaczmarek', 'monika.k@mail.pl', '+48 600 001 012', '90020223456', 'ul. Sosnowa 14', 'Kraków', '31-300', 'client_hash_12');

INSERT INTO CLIENTS (FIRST_NAME, LAST_NAME, EMAIL, PHONE, PESEL, ADDRESS, CITY, POSTAL_CODE, PASSWORD_HASH)
VALUES ('Kamil', 'Zawadzki', 'kamil.z@mail.pl', '+48 600 001 013', '91110334567', 'ul. Jodłowa 6', 'Wrocław', '50-300', 'client_hash_13');

INSERT INTO CLIENTS (FIRST_NAME, LAST_NAME, EMAIL, PHONE, PESEL, ADDRESS, CITY, POSTAL_CODE, PASSWORD_HASH)
VALUES ('Weronika', 'Stępień', 'weronika.s@mail.pl', '+48 600 001 014', '93070745678', 'ul. Cisowa 20', 'Gdańsk', '80-300', 'client_hash_14');

INSERT INTO CLIENTS (FIRST_NAME, LAST_NAME, EMAIL, PHONE, PESEL, ADDRESS, CITY, POSTAL_CODE, PASSWORD_HASH)
VALUES ('Bartosz', 'Jasiński', 'bartosz.j@mail.pl', '+48 600 001 015', '86050556789', 'ul. Wiązowa 11', 'Poznań', '61-300', 'client_hash_15');

-- Klient wysokiego ryzyka (dużo kar - zostanie dodany w sekcji kar)
INSERT INTO CLIENTS (FIRST_NAME, LAST_NAME, EMAIL, PHONE, PESEL, ADDRESS, CITY, POSTAL_CODE, PASSWORD_HASH, IS_BLOCKED, PENALTY_MULTIPLIER)
VALUES ('Grzegorz', 'Problemowy', 'grzegorz.p@mail.pl', '+48 600 001 016', '88030367890', 'ul. Kłopotliwa 1', 'Warszawa', '00-400', 'client_hash_16', 1, 1.50);

-- ==========================================
-- SAMOCHODY
-- ==========================================

-- Ekonomiczne (kategoria 1)
INSERT INTO CARS (BRAND, MODEL, YEAR, PLATE_NUMBER, VIN, DAILY_RATE, CATEGORY_ID, BRANCH_ID, STATUS, MILEAGE, COLOR, SEATS)
VALUES ('Toyota', 'Yaris', 2023, 'WA 10001', 'JTD12345678901111', 120.00, 1, 1, 'AVAILABLE', 15000, 'Biały', 5);

INSERT INTO CARS (BRAND, MODEL, YEAR, PLATE_NUMBER, VIN, DAILY_RATE, CATEGORY_ID, BRANCH_ID, STATUS, MILEAGE, COLOR, SEATS)
VALUES ('Fiat', '500', 2022, 'KR 20001', 'ZFA12345678902222', 100.00, 1, 2, 'AVAILABLE', 22000, 'Czerwony', 4);

INSERT INTO CARS (BRAND, MODEL, YEAR, PLATE_NUMBER, VIN, DAILY_RATE, CATEGORY_ID, BRANCH_ID, STATUS, MILEAGE, COLOR, SEATS)
VALUES ('Hyundai', 'i20', 2023, 'WR 30001', 'KMH12345678903333', 110.00, 1, 3, 'AVAILABLE', 12000, 'Srebrny', 5);

-- Kompaktowe (kategoria 2)
INSERT INTO CARS (BRAND, MODEL, YEAR, PLATE_NUMBER, VIN, DAILY_RATE, CATEGORY_ID, BRANCH_ID, STATUS, MILEAGE, COLOR, SEATS)
VALUES ('Volkswagen', 'Golf', 2023, 'WA 10002', 'WVW12345678904444', 180.00, 2, 1, 'AVAILABLE', 10000, 'Szary', 5);

INSERT INTO CARS (BRAND, MODEL, YEAR, PLATE_NUMBER, VIN, DAILY_RATE, CATEGORY_ID, BRANCH_ID, STATUS, MILEAGE, COLOR, SEATS)
VALUES ('Toyota', 'Corolla', 2024, 'KR 20002', 'JTD12345678905555', 190.00, 2, 2, 'AVAILABLE', 5000, 'Czarny', 5);

INSERT INTO CARS (BRAND, MODEL, YEAR, PLATE_NUMBER, VIN, DAILY_RATE, CATEGORY_ID, BRANCH_ID, STATUS, MILEAGE, COLOR, SEATS)
VALUES ('Mazda', '3', 2023, 'GD 40001', 'JMZ12345678906666', 170.00, 2, 4, 'AVAILABLE', 18000, 'Niebieski', 5);

-- SUV (kategoria 3)
INSERT INTO CARS (BRAND, MODEL, YEAR, PLATE_NUMBER, VIN, DAILY_RATE, CATEGORY_ID, BRANCH_ID, STATUS, MILEAGE, COLOR, SEATS)
VALUES ('Toyota', 'RAV4', 2024, 'WA 10003', 'JTD12345678907777', 280.00, 3, 1, 'AVAILABLE', 8000, 'Zielony', 5);

INSERT INTO CARS (BRAND, MODEL, YEAR, PLATE_NUMBER, VIN, DAILY_RATE, CATEGORY_ID, BRANCH_ID, STATUS, MILEAGE, COLOR, SEATS)
VALUES ('Hyundai', 'Tucson', 2023, 'WR 30002', 'KMH12345678908888', 260.00, 3, 3, 'AVAILABLE', 15000, 'Biały', 5);

INSERT INTO CARS (BRAND, MODEL, YEAR, PLATE_NUMBER, VIN, DAILY_RATE, CATEGORY_ID, BRANCH_ID, STATUS, MILEAGE, COLOR, SEATS)
VALUES ('Kia', 'Sportage', 2024, 'PO 50001', 'KNA12345678909999', 250.00, 3, 5, 'AVAILABLE', 6000, 'Grafitowy', 5);

-- Premium (kategoria 4)
INSERT INTO CARS (BRAND, MODEL, YEAR, PLATE_NUMBER, VIN, DAILY_RATE, CATEGORY_ID, BRANCH_ID, STATUS, MILEAGE, COLOR, SEATS)
VALUES ('BMW', '520d', 2024, 'WA 10004', 'WBA12345678900001', 450.00, 4, 1, 'AVAILABLE', 3000, 'Czarny', 5);

INSERT INTO CARS (BRAND, MODEL, YEAR, PLATE_NUMBER, VIN, DAILY_RATE, CATEGORY_ID, BRANCH_ID, STATUS, MILEAGE, COLOR, SEATS)
VALUES ('Mercedes', 'C200', 2023, 'KR 20003', 'WDD12345678900002', 420.00, 4, 2, 'AVAILABLE', 12000, 'Srebrny', 5);

INSERT INTO CARS (BRAND, MODEL, YEAR, PLATE_NUMBER, VIN, DAILY_RATE, CATEGORY_ID, BRANCH_ID, STATUS, MILEAGE, COLOR, SEATS)
VALUES ('Audi', 'A4', 2024, 'GD 40002', 'WAU12345678900003', 400.00, 4, 4, 'AVAILABLE', 7000, 'Biały', 5);

-- VAN (kategoria 5)
INSERT INTO CARS (BRAND, MODEL, YEAR, PLATE_NUMBER, VIN, DAILY_RATE, CATEGORY_ID, BRANCH_ID, STATUS, MILEAGE, COLOR, SEATS)
VALUES ('Volkswagen', 'Transporter', 2022, 'WA 10005', 'WV212345678900004', 300.00, 5, 1, 'AVAILABLE', 35000, 'Biały', 9);

INSERT INTO CARS (BRAND, MODEL, YEAR, PLATE_NUMBER, VIN, DAILY_RATE, CATEGORY_ID, BRANCH_ID, STATUS, MILEAGE, COLOR, SEATS)
VALUES ('Ford', 'Transit', 2023, 'WR 30003', 'WFO12345678900005', 280.00, 5, 3, 'AVAILABLE', 28000, 'Szary', 9);

-- Sportowy (kategoria 6)
INSERT INTO CARS (BRAND, MODEL, YEAR, PLATE_NUMBER, VIN, DAILY_RATE, CATEGORY_ID, BRANCH_ID, STATUS, MILEAGE, COLOR, SEATS)
VALUES ('Ford', 'Mustang', 2024, 'WA 10006', 'FAF12345678900006', 550.00, 6, 1, 'AVAILABLE', 2000, 'Czerwony', 4);

-- Auto w serwisie
INSERT INTO CARS (BRAND, MODEL, YEAR, PLATE_NUMBER, VIN, DAILY_RATE, CATEGORY_ID, BRANCH_ID, STATUS, MILEAGE, COLOR, SEATS)
VALUES ('Skoda', 'Octavia', 2022, 'PO 50002', 'TMB12345678900007', 160.00, 2, 5, 'IN_SERVICE', 45000, 'Srebrny', 5);

-- Auto wypożyczone
INSERT INTO CARS (BRAND, MODEL, YEAR, PLATE_NUMBER, VIN, DAILY_RATE, CATEGORY_ID, BRANCH_ID, STATUS, MILEAGE, COLOR, SEATS)
VALUES ('Renault', 'Clio', 2023, 'KR 20004', 'VF112345678900008', 115.00, 1, 2, 'RENTED', 20000, 'Żółty', 5);

-- ==========================================
-- REZERWACJE
-- ==========================================

INSERT INTO RESERVATIONS (CLIENT_ID, CAR_ID, START_DATE, END_DATE, STATUS_ID)
VALUES (1, 1, '2025-07-01', '2025-07-05', 1);

INSERT INTO RESERVATIONS (CLIENT_ID, CAR_ID, START_DATE, END_DATE, STATUS_ID)
VALUES (2, 5, '2025-07-10', '2025-07-15', 1);

INSERT INTO RESERVATIONS (CLIENT_ID, CAR_ID, START_DATE, END_DATE, STATUS_ID)
VALUES (3, 8, '2025-07-05', '2025-07-12', 2);

INSERT INTO RESERVATIONS (CLIENT_ID, CAR_ID, START_DATE, END_DATE, STATUS_ID)
VALUES (4, 10, '2025-06-20', '2025-06-25', 4);

INSERT INTO RESERVATIONS (CLIENT_ID, CAR_ID, START_DATE, END_DATE, STATUS_ID)
VALUES (5, 3, '2025-06-15', '2025-06-18', 3);

INSERT INTO RESERVATIONS (CLIENT_ID, CAR_ID, START_DATE, END_DATE, STATUS_ID)
VALUES (6, 15, '2025-08-01', '2025-08-10', 1);

INSERT INTO RESERVATIONS (CLIENT_ID, CAR_ID, START_DATE, END_DATE, STATUS_ID)
VALUES (7, 11, '2025-07-20', '2025-07-25', 1);

INSERT INTO RESERVATIONS (CLIENT_ID, CAR_ID, START_DATE, END_DATE, STATUS_ID)
VALUES (8, 6, '2025-06-10', '2025-06-14', 4);

-- ==========================================
-- WYPOŻYCZENIA (triggery wyłączone na czas seedowania)
-- Uwaga: przed uruchomieniem tego seeda, triggery
-- walidacyjne powinny być tymczasowo wyłączone
-- ==========================================

-- Zakończone wypożyczenia
INSERT INTO RENTALS (CLIENT_ID, CAR_ID, START_DATE, END_DATE, ACTUAL_RETURN_DATE, TOTAL_PRICE, STATUS, START_MILEAGE, END_MILEAGE)
VALUES (1, 4, '2025-05-01', '2025-05-05', '2025-05-05', 720.00, 'COMPLETED', 1000, 1500);

INSERT INTO RENTALS (CLIENT_ID, CAR_ID, START_DATE, END_DATE, ACTUAL_RETURN_DATE, TOTAL_PRICE, STATUS, START_MILEAGE, END_MILEAGE)
VALUES (2, 7, '2025-05-10', '2025-05-17', '2025-05-17', 1960.00, 'COMPLETED', 1000, 1500);

INSERT INTO RENTALS (CLIENT_ID, CAR_ID, START_DATE, END_DATE, ACTUAL_RETURN_DATE, TOTAL_PRICE, STATUS, START_MILEAGE, END_MILEAGE)
VALUES (3, 1, '2025-05-15', '2025-05-20', '2025-05-20', 600.00, 'COMPLETED', 1000, 1500);

INSERT INTO RENTALS (CLIENT_ID, CAR_ID, START_DATE, END_DATE, ACTUAL_RETURN_DATE, TOTAL_PRICE, STATUS, START_MILEAGE, END_MILEAGE)
VALUES (4, 10, '2025-05-20', '2025-05-25', '2025-05-25', 2250.00, 'COMPLETED', 1000, 1500);

INSERT INTO RENTALS (CLIENT_ID, CAR_ID, START_DATE, END_DATE, ACTUAL_RETURN_DATE, TOTAL_PRICE, STATUS, START_MILEAGE, END_MILEAGE)
VALUES (5, 5, '2025-06-01', '2025-06-05', '2025-06-05', 760.00, 'COMPLETED', 1000, 1500);

INSERT INTO RENTALS (CLIENT_ID, CAR_ID, START_DATE, END_DATE, ACTUAL_RETURN_DATE, TOTAL_PRICE, STATUS, START_MILEAGE, END_MILEAGE)
VALUES (6, 2, '2025-06-05', '2025-06-10', '2025-06-10', 500.00, 'COMPLETED', 1000, 1500);

INSERT INTO RENTALS (CLIENT_ID, CAR_ID, START_DATE, END_DATE, ACTUAL_RETURN_DATE, TOTAL_PRICE, STATUS, START_MILEAGE, END_MILEAGE)
VALUES (7, 12, '2025-06-01', '2025-06-08', '2025-06-08', 2800.00, 'COMPLETED', 1000, 1500);

INSERT INTO RENTALS (CLIENT_ID, CAR_ID, START_DATE, END_DATE, ACTUAL_RETURN_DATE, TOTAL_PRICE, STATUS, START_MILEAGE, END_MILEAGE)
VALUES (8, 9, '2025-05-25', '2025-05-30', '2025-05-30', 1250.00, 'COMPLETED', 1000, 1500);

INSERT INTO RENTALS (CLIENT_ID, CAR_ID, START_DATE, END_DATE, ACTUAL_RETURN_DATE, TOTAL_PRICE, STATUS, START_MILEAGE, END_MILEAGE)
VALUES (9, 6, '2025-06-10', '2025-06-14', '2025-06-14', 680.00, 'COMPLETED', 1000, 1500);

INSERT INTO RENTALS (CLIENT_ID, CAR_ID, START_DATE, END_DATE, ACTUAL_RETURN_DATE, TOTAL_PRICE, STATUS, START_MILEAGE, END_MILEAGE)
VALUES (10, 13, '2025-06-15', '2025-06-20', '2025-06-20', 1500.00, 'COMPLETED', 1000, 1500);

-- Aktywne wypożyczenia
INSERT INTO RENTALS (CLIENT_ID, CAR_ID, START_DATE, END_DATE, TOTAL_PRICE, STATUS, START_MILEAGE, END_MILEAGE)
VALUES (11, 17, '2025-06-20', '2025-06-30', 1150.00, 'ACTIVE', 2000, NULL);

INSERT INTO RENTALS (CLIENT_ID, CAR_ID, START_DATE, END_DATE, TOTAL_PRICE, STATUS, START_MILEAGE, END_MILEAGE)
VALUES (12, 3, '2025-06-25', '2025-07-02', 770.00, 'ACTIVE', 2000, NULL);

-- Anulowane
INSERT INTO RENTALS (CLIENT_ID, CAR_ID, START_DATE, END_DATE, ACTUAL_RETURN_DATE, TOTAL_PRICE, STATUS, START_MILEAGE, END_MILEAGE)
VALUES (13, 8, '2025-05-01', '2025-05-07', '2025-05-02', 280.00, 'CANCELLED', 3000, NULL);

-- ==========================================
-- PŁATNOŚCI
-- ==========================================

-- Płatności za zakończone wypożyczenia (opłacone)
INSERT INTO PAYMENTS (RENTAL_ID, AMOUNT, PAYMENT_DATE, STATUS_ID, PAYMENT_METHOD)
VALUES (1, 720.00, '2025-05-05', 2, 'CARD');

INSERT INTO PAYMENTS (RENTAL_ID, AMOUNT, PAYMENT_DATE, STATUS_ID, PAYMENT_METHOD)
VALUES (2, 1960.00, '2025-05-17', 2, 'TRANSFER');

INSERT INTO PAYMENTS (RENTAL_ID, AMOUNT, PAYMENT_DATE, STATUS_ID, PAYMENT_METHOD)
VALUES (3, 600.00, '2025-05-20', 2, 'CASH');

INSERT INTO PAYMENTS (RENTAL_ID, AMOUNT, PAYMENT_DATE, STATUS_ID, PAYMENT_METHOD)
VALUES (4, 2250.00, '2025-05-25', 2, 'CARD');

INSERT INTO PAYMENTS (RENTAL_ID, AMOUNT, PAYMENT_DATE, STATUS_ID, PAYMENT_METHOD)
VALUES (5, 760.00, '2025-06-05', 2, 'CARD');

INSERT INTO PAYMENTS (RENTAL_ID, AMOUNT, PAYMENT_DATE, STATUS_ID, PAYMENT_METHOD)
VALUES (6, 500.00, '2025-06-10', 2, 'TRANSFER');

INSERT INTO PAYMENTS (RENTAL_ID, AMOUNT, PAYMENT_DATE, STATUS_ID, PAYMENT_METHOD)
VALUES (7, 2800.00, '2025-06-08', 2, 'CARD');

INSERT INTO PAYMENTS (RENTAL_ID, AMOUNT, PAYMENT_DATE, STATUS_ID, PAYMENT_METHOD)
VALUES (8, 1250.00, '2025-05-30', 2, 'CASH');

INSERT INTO PAYMENTS (RENTAL_ID, AMOUNT, PAYMENT_DATE, STATUS_ID, PAYMENT_METHOD)
VALUES (9, 680.00, '2025-06-14', 2, 'CARD');

INSERT INTO PAYMENTS (RENTAL_ID, AMOUNT, PAYMENT_DATE, STATUS_ID, PAYMENT_METHOD)
VALUES (10, 1500.00, '2025-06-20', 2, 'TRANSFER');

-- Płatność oczekująca (aktywne wypożyczenie)
INSERT INTO PAYMENTS (RENTAL_ID, AMOUNT, STATUS_ID, PAYMENT_METHOD)
VALUES (11, 1150.00, 1, 'CARD');

-- Płatność ratalna (3 raty)
INSERT INTO PAYMENTS (RENTAL_ID, AMOUNT, PAYMENT_DATE, STATUS_ID, INSTALLMENT_NO, TOTAL_INSTALLMENTS, PAYMENT_METHOD)
VALUES (12, 256.67, '2025-06-25', 2, 1, 3, 'CARD');

INSERT INTO PAYMENTS (RENTAL_ID, AMOUNT, STATUS_ID, INSTALLMENT_NO, TOTAL_INSTALLMENTS, PAYMENT_METHOD)
VALUES (12, 256.67, 1, 2, 3, 'CARD');

INSERT INTO PAYMENTS (RENTAL_ID, AMOUNT, STATUS_ID, INSTALLMENT_NO, TOTAL_INSTALLMENTS, PAYMENT_METHOD)
VALUES (12, 256.66, 1, 3, 3, 'CARD');

-- ==========================================
-- KARY
-- ==========================================

INSERT INTO PENALTIES (CLIENT_ID, RENTAL_ID, REASON, AMOUNT)
VALUES (3, 3, 'Opóźnienie zwrotu samochodu o 2 dni', 240.00);

INSERT INTO PENALTIES (CLIENT_ID, RENTAL_ID, REASON, AMOUNT)
VALUES (9, 9, 'Drobne uszkodzenie zderzaka', 500.00);

INSERT INTO PENALTIES (CLIENT_ID, RENTAL_ID, REASON, AMOUNT)
VALUES (13, 13, 'Palenie w samochodzie', 300.00);

-- Kary dla klienta "problematycznego" (ID=16)
INSERT INTO PENALTIES (CLIENT_ID, REASON, AMOUNT)
VALUES (16, 'Opóźnienie zwrotu - 5 dni', 600.00);

INSERT INTO PENALTIES (CLIENT_ID, REASON, AMOUNT)
VALUES (16, 'Uszkodzenie tapicerki', 800.00);

INSERT INTO PENALTIES (CLIENT_ID, REASON, AMOUNT)
VALUES (16, 'Palenie w samochodzie', 300.00);

INSERT INTO PENALTIES (CLIENT_ID, REASON, AMOUNT)
VALUES (16, 'Brak czyszczenia samochodu', 150.00);

INSERT INTO PENALTIES (CLIENT_ID, REASON, AMOUNT)
VALUES (16, 'Jazda pod wpływem alkoholu', 2000.00);

-- ==========================================
-- SERWIS
-- ==========================================

INSERT INTO SERVICES (CAR_ID, DESCRIPTION, COST, STATUS_ID, START_DATE, END_DATE, NOTES)
VALUES (16, 'Przegląd okresowy 45000km', 800.00, 3, '2025-06-01', '2025-06-03', 'Wymiana oleju, filtrów');

INSERT INTO SERVICES (CAR_ID, DESCRIPTION, COST, STATUS_ID, START_DATE, NOTES)
VALUES (16, 'Wymiana klocków hamulcowych', 450.00, 2, '2025-06-10', 'Przednie i tylne');

INSERT INTO SERVICES (CAR_ID, DESCRIPTION, COST, STATUS_ID, START_DATE, END_DATE)
VALUES (2, 'Naprawa klimatyzacji', 600.00, 3, '2025-05-15', '2025-05-16');

INSERT INTO SERVICES (CAR_ID, DESCRIPTION, COST, STATUS_ID, START_DATE)
VALUES (9, 'Wymiana opon na letnie', 200.00, 1, '2025-07-01');


